{
    "solution": {
        "W": -7.35982,
        "W-W": [6.05292, 5.76173, 5.06059, 3.69113, 1.65206, 0.923859, 0.281258, -0.00536414, -0.16567, -0.239955, -0.277954, -0.280999, -0.249653, -0.17741, -0.1001, -0.06826, -0.0200034, -0.0328071, -0.0343219, -0.0343618, -0.0288401, -0.0212175, -0.000690984, -0.00925139, -0.00808695, 0, 0, 0]
    },
    "knots": {
        "W-W": [1.5, 1.5, 1.5, 1.5, 1.66, 1.82, 1.98, 2.14, 2.3, 2.46, 2.62, 2.78, 2.94, 3.1, 3.26, 3.42, 3.58, 3.74, 3.9, 4.06, 4.22, 4.38, 4.54, 4.7, 4.86, 5.02, 5.18, 5.34, 5.5, 5.5, 5.5, 5.5]
    }
}