{
    "coefficients": {
        "W": -7.7318674079835654,
        "W-W": [68.784447407502043, 68.784447407502043, 48.652658262777322, 32.029843994880935, 18.916004603812866, 9.1783267118526144, 2.5038442647278982, 0.19953086430922376, -0.24027843128574466, -0.30607305653387484, -0.2169403990617684, 0.0020888316560132309, 0.011224689615986055, -0.0045318560134850359, 0.019103809780459731, 0, 0, 0]
    },
    "knots": {
        "W-W": [0.001, 0.001, 0.001, 0.001, 0.36759999999999998, 0.73419999999999996, 1.1007999999999998, 1.4673999999999998, 1.8339999999999999, 2.2005999999999997, 2.5671999999999997, 2.9337999999999997, 3.3003999999999998, 3.6669999999999998, 4.0335999999999999, 4.4001999999999999, 4.7667999999999999, 5.1334, 5.5, 5.5, 5.5, 5.5]
    },
    "data_coverage": [true, false, false, false, false, false, true, true, true, true, true, true, true, true, true, true, false, false, false],
    "knot_strategy": "linear",
    "offset_1b": true,
    "leading_trim": 0,
    "trailing_trim": 3,
    "knots_map": {
        "W-W": [0.001, 0.001, 0.001, 0.001, 0.36759999999999998, 0.73419999999999996, 1.1007999999999998, 1.4673999999999998, 1.8339999999999999, 2.2005999999999997, 2.5671999999999997, 2.9337999999999997, 3.3003999999999998, 3.6669999999999998, 4.0335999999999999, 4.4001999999999999, 4.7667999999999999, 5.1334, 5.5, 5.5, 5.5, 5.5]
    },
    "element_list": ["W"],
    "degree": 2
}