{
    "coefficients": {
        "W": -7.2352450354464155,
        "W-W": [65.72009244744865, 65.72009244744865, 46.606835391815551, 30.80401356324715, 18.311626961743457, 8.8175739895659238, 2.6282172248156828, 0.25305863710860615, -0.23164653878556926, -0.33134983817018387, -0.25624554689735141, -0.022897550757842298, -0.02010160766726983, -0.026254277822963884, 0.0086727841549336885, 0, 0, 0]
    },
    "knots": {
        "W-W": [0.001, 0.001, 0.001, 0.001, 0.36759999999999998, 0.73419999999999996, 1.1007999999999998, 1.4673999999999998, 1.8339999999999999, 2.2005999999999997, 2.5671999999999997, 2.9337999999999997, 3.3003999999999998, 3.6669999999999998, 4.0335999999999999, 4.4001999999999999, 4.7667999999999999, 5.1334, 5.5, 5.5, 5.5, 5.5]
    },
    "data_coverage": [true, false, false, false, false, false, true, true, true, true, true, true, true, true, true, true, false, false, false],
    "knot_strategy": "linear",
    "offset_1b": true,
    "leading_trim": 0,
    "trailing_trim": 3,
    "knots_map": {
        "W-W": [0.001, 0.001, 0.001, 0.001, 0.36759999999999998, 0.73419999999999996, 1.1007999999999998, 1.4673999999999998, 1.8339999999999999, 2.2005999999999997, 2.5671999999999997, 2.9337999999999997, 3.3003999999999998, 3.6669999999999998, 4.0335999999999999, 4.4001999999999999, 4.7667999999999999, 5.1334, 5.5, 5.5, 5.5, 5.5]
    },
    "element_list": ["W"],
    "degree": 2
}