{
    "coefficients": {
        "W": -6.8003936413432893,
        "W-W": [85.256465889606673, 85.256465889606673, 60.118514370108457, 39.372994322346095, 23.019905746319598, 11.095292589050336, 2.5770289203919474, -0.21591409154943711, -0.41582603147952274, -0.29361205978352245, -0.23467230507950282, -0.13083777191249607, -0.031024404500506326, -0.059144784016542738, -0.037145211195670137, 0, 0, 0],
        "W-W-W": [
            [
                [-1.0025267383014886e-06, 1.6276668922162611e-10, 8.4845717860159198e-09, 1.0410120456668556e-08, 1.1330088302187643e-06, 1.4224457260740182e-05, 3.7494711628739487e-05, 3.6952336344720739e-05, 0, 0, 0, 0, 0, 0, 0],
                [4.9227788336966041e-05, -1.0222423928319826e-06, -4.8075020979943344e-05, -3.8518708184700999e-05, -9.7946432414048155e-06, -5.1095544851132967e-07, -4.1045915319099158e-10, 5.4193858256883348e-09, 2.3261619203718816e-06, 0, 0, 0, 0, 0, 0],
                [2.829068261701631e-05, 3.3565662462635585e-05, -4.4282774329572976e-05, 5.3019338472701156e-05, 1.6569812000928651e-05, 5.7647237938493651e-06, 8.9021276308071397e-06, -1.266718085517006e-06, 2.4319255647245379e-06, -3.3416793274446366e-07, 0, 0, 0, 0, 0],
                [9.6614258911800971e-09, 1.1180525909838732e-07, 7.3721285403861309e-06, 9.3908344571502796e-06, 1.0838653682096786e-05, 9.8060753211721787e-05, 7.2307132184045594e-05, 0.00011393368280907902, 7.5322011926498561e-05, 1.4915718900782886e-05, 0, 0, 0, 0, 0],
                [4.674109331563019e-07, -5.4066161385440077e-09, 2.0217516565542138e-08, 5.8154802321406972e-06, 2.377543599749233e-05, 4.2148309838615949e-05, -7.3977784289262034e-05, 7.0617005859749973e-05, 3.398811616466058e-05, 3.0440209444922143e-05, 0.00013514584901612643, 0, 0, 0, 0],
                [-2.1834499924982499e-05, -0.00011697904895508256, -5.5535819551754056e-06, 2.6588384541177691e-08, 1.2146153008512734e-05, 1.9182988173750171e-05, 5.40154814815751e-05, 1.2944187401636162e-05, 3.7105366906715857e-05, 1.6795050072301748e-05, -7.2295564896854091e-06, 8.5434675817632466e-06, 0, 0, 0],
                [0, 0, 0, 0, 0, 0, 0, 0, 0, 0, 0, 0, 0, 0, 0],
                [0, 0, 0, 0, 0, 0, 0, 0, 0, 0, 0, 0, 0, 0, 0],
                [0, 0, 0, 0, 0, 0, 0, 0, 0, 0, 0, 0, 0, 0, 0]
            ],
            [
                [4.9227788336966041e-05, -1.0222423928319826e-06, -4.8075020979943344e-05, -3.8518708184700999e-05, -9.7946432414048155e-06, -5.1095544851132967e-07, -4.1045915319099158e-10, 5.4193858256883348e-09, 2.3261619203718816e-06, 0, 0, 0, 0, 0, 0],
                [4.7777593982974866e-05, 2.1830415880551608e-05, -8.7416143670701805e-06, 7.7185184362807536e-09, 3.8726200093044991e-06, 2.2808275890118977e-05, 4.9693195966817054e-05, -5.7927331700144312e-06, 4.5744715942513717e-05, -2.8406247250052509e-05, 0, 0, 0, 0, 0],
                [-2.9835431761378011e-05, 4.9033674735689904e-05, 4.195810226183578e-05, 0.00010403045298571696, 0.00038092885207223368, 3.3733147348613349e-05, 1.0875278462846613e-05, 2.680082116524925e-05, 2.6236988936225364e-05, 3.6338704048890435e-06, 0, 0, 0, 0, 0],
                [2.1399512390776296e-05, 2.7931318963336216e-05, 1.6016113745506429e-05, 0.0011462578563508437, 0.0020096052304490785, 0.0010339536769749804, 0.0010141251011572289, 0.00021102390605096824, -9.5815713651038675e-06, -2.2800197261436439e-05, 3.5735146797547102e-07, 0, 0, 0, 0],
                [6.2467013661098965e-06, 2.6582994960652991e-05, 0.00070877604045422552, -0.0022784882802322731, -0.0070442715756502926, 0.0038614975616579586, 0.0092608534571304978, -0.0010473278276317726, -8.516349321648054e-05, 0.00020262630262751473, 1.3414729868362445e-06, 7.9532629071877991e-08, 0, 0, 0],
                [2.3603382351924323e-06, 7.1462800725031163e-05, 0.0012361202483760594, -0.0057344650783548714, -0.017135562936976125, -0.0016664758722632735, 0.010195949308015286, -0.0054126905577580459, -0.0029107216230642853, -0.00076129083430762578, -0.00013449226099999524, 2.1468761472671134e-05, 0, 0, 0],
                [0, 0, 0, 0, 0, 0, 0, 0, 0, 0, 0, 0, 0, 0, 0],
                [0, 0, 0, 0, 0, 0, 0, 0, 0, 0, 0, 0, 0, 0, 0],
                [0, 0, 0, 0, 0, 0, 0, 0, 0, 0, 0, 0, 0, 0, 0]
            ],
            [
                [2.829068261701631e-05, 3.3565662462635585e-05, -4.4282774329572976e-05, 5.3019338472701156e-05, 1.6569812000928651e-05, 5.7647237938493651e-06, 8.9021276308071397e-06, -1.266718085517006e-06, 2.4319255647245379e-06, -3.3416793274446366e-07, 0, 0, 0, 0, 0],
                [-2.9835431761378011e-05, 4.9033674735689904e-05, 4.195810226183578e-05, 0.00010403045298571696, 0.00038092885207223368, 3.3733147348613349e-05, 1.0875278462846613e-05, 2.680082116524925e-05, 2.6236988936225364e-05, 3.6338704048890435e-06, 0, 0, 0, 0, 0],
                [4.805582975622838e-05, 3.5904852202535306e-05, 0.00018615813914180039, 0.011742061168666256, 0.024776619721352023, 0.0099058307820790639, 0.0011652755552301311, 0.00040717343061612391, 0.00037033988296356686, 4.2585762939352069e-05, -1.0503156955159468e-06, 0, 0, 0, 0],
                [-5.6807778582102787e-07, 7.0840119011441943e-05, 0.0050124193537796876, 0.10295100366791771, 0.24007141064120838, 0.17886074568759117, 0.037785642555833811, -0.015386081342141389, -0.01488601265585909, -0.0050131375910067747, 1.477967512985198e-07, 2.8275766778962979e-05, 0, 0, 0],
                [3.4701391129480595e-05, 0.0056806357721676621, 0.071083574389295523, 0.18745843365735923, 0.18473391598372302, 0.24614114170716681, -0.0051116661294673309, -0.24038059036230178, -0.19258370027930355, -0.048958604017684836, -0.0025501911244683846, -4.9820084395392556e-06, 0, 0, 0],
                [1.8054960278101902e-05, 0.011611823828717463, 0.14139350699353365, 0.1678085431015684, -0.22152577092526715, 0.26507903411379746, 0.082797607184665181, 0.02879361559120084, 0.04448600527937973, -0.0063390732259053619, 0.012182164968354765, -0.0016647733469859114, 0, 0, 0],
                [0, 0, 0, 0, 0, 0, 0, 0, 0, 0, 0, 0, 0, 0, 0],
                [0, 0, 0, 0, 0, 0, 0, 0, 0, 0, 0, 0, 0, 0, 0],
                [0, 0, 0, 0, 0, 0, 0, 0, 0, 0, 0, 0, 0, 0, 0]
            ],
            [
                [9.6614258911800971e-09, 1.1180525909838732e-07, 7.3721285403861309e-06, 9.3908344571502796e-06, 1.0838653682096786e-05, 9.8060753211721787e-05, 7.2307132184045594e-05, 0.00011393368280907902, 7.5322011926498561e-05, 1.4915718900782886e-05, 0, 0, 0, 0, 0],
                [2.1399512390776296e-05, 2.7931318963336216e-05, 1.6016113745506429e-05, 0.0011462578563508437, 0.0020096052304490785, 0.0010339536769749804, 0.0010141251011572289, 0.00021102390605096824, -9.5815713651038675e-06, -2.2800197261436439e-05, 3.5735146797547102e-07, 0, 0, 0, 0],
                [-5.6807778582102787e-07, 7.0840119011441943e-05, 0.0050124193537796876, 0.10295100366791771, 0.24007141064120838, 0.17886074568759117, 0.037785642555833811, -0.015386081342141389, -0.01488601265585909, -0.0050131375910067747, 1.477967512985198e-07, 2.8275766778962979e-05, 0, 0, 0],
                [3.2243648730937367e-05, 0.00059260771463401547, 0.036827119283621659, 0.046898795979650645, 0.054125869772576704, 0.49020499621758107, 0.36144187942391059, 0.56970372092539101, 0.37654073726442117, 0.074536131454777568, 0.0023207609533443569, -4.1320810202123745e-05, 0, 0, 0],
                [7.1813210306420646e-05, 0.029059269505937943, 0.11884075783303522, 0.21076878762972284, -0.36996025259611676, 0.35312700844142586, 0.16990097184555128, 0.15210775765373416, 0.67571407756527524, -0.10922320044264704, -0.58496970594629194, -0.027759887396949002, 0, 0, 0],
                [9.7347795904474422e-05, 0.060726858885001352, 0.095863730424004465, 0.27008894386472332, 0.064690572212565189, 0.18548478832541321, 0.083921538680893859, -0.036260275448917363, 0.042328325201217938, 0.23849583983886427, 0.10911730115168922, -0.043802144072083327, 0, 0, 0],
                [0, 0, 0, 0, 0, 0, 0, 0, 0, 0, 0, 0, 0, 0, 0],
