{
    "coefficients": {
        "W": -9.3238674348400146,
        "W-W": [72.09603726779028, 72.09603726779028, 50.837630561204165, 33.330632287281254, 19.575042446021545, 9.1648391313336894, 2.6141295842339058, 0.30838268122808682, -0.13315123440110913, -0.20440641753947206, -0.13045211036857915, 0.062789656733124477, 0.045162501429063438, 0.016332261041836296, 0.027809874694213737, 0, 0, 0]
    },
    "knots": {
        "W-W": [0.001, 0.001, 0.001, 0.001, 0.36759999999999998, 0.73419999999999996, 1.1007999999999998, 1.4673999999999998, 1.8339999999999999, 2.2005999999999997, 2.5671999999999997, 2.9337999999999997, 3.3003999999999998, 3.6669999999999998, 4.0335999999999999, 4.4001999999999999, 4.7667999999999999, 5.1334, 5.5, 5.5, 5.5, 5.5]
    },
    "data_coverage": [true, false, false, false, false, false, true, true, true, true, true, true, true, true, true, true, false, false, false],
    "knot_strategy": "linear",
    "offset_1b": true,
    "leading_trim": 0,
    "trailing_trim": 3,
    "knots_map": {
        "W-W": [0.001, 0.001, 0.001, 0.001, 0.36759999999999998, 0.73419999999999996, 1.1007999999999998, 1.4673999999999998, 1.8339999999999999, 2.2005999999999997, 2.5671999999999997, 2.9337999999999997, 3.3003999999999998, 3.6669999999999998, 4.0335999999999999, 4.4001999999999999, 4.7667999999999999, 5.1334, 5.5, 5.5, 5.5, 5.5]
    },
    "element_list": ["W"],
    "degree": 2
}