{
    "coefficients": {
        "W": -7.359817621121779,
        "W-W": [6.430011565593868, 5.973542577287354, 5.060587957976491, 3.691131064963441, 1.652058547547273, 0.9238591472445329, 0.281258201784737, -0.005364135607856001, -0.1656699721767993, -0.2399548844854023, -0.2779542634563567, -0.2809987993318403, -0.2496530655148075, -0.1774095899709484, -0.1000998519514167, -0.0682599768685689, -0.02000344395237907, -0.03280712338827543, -0.03432194352143146, -0.03436182585342267, -0.02884006387342623, -0.02121754386670682, -0.0006909834998347558, -0.009251390311872462, -0.008086947918290087, 0, 0, 0]
    },
    "knots": {
        "W-W": [1.5, 1.5, 1.5, 1.5, 1.66, 1.82, 1.98, 2.14, 2.3, 2.46, 2.62, 2.78, 2.94, 3.1, 3.26, 3.42, 3.58, 3.74, 3.9, 4.06, 4.220000000000001, 4.38, 4.54, 4.7, 4.859999999999999, 5.02, 5.18, 5.34, 5.5, 5.5, 5.5, 5.5]
    }
}