{
    "coefficients": {
        "W": -6.5370739963933104,
        "W-W": [38.269267888704221, 38.269267888704221, 27.488998987334263, 18.455671047932217, 11.169284070498087, 5.276879541128805, 1.5663444529728303, -0.52716834720788652, -0.5075319231039046, -0.3273517178679618, -0.21165874536665813, -0.12611037595546551, -0.038034468212447312, -0.039697650377876446, -0.024479623967795849, 0, 0, 0],
        "W-W-W": [
            [
                [-0.0028066858426041576, -0.00012081589815894403, -1.0839538138668722e-07, 2.4052245182922772e-07, 0.00051784982734099912, -7.7964462155140452e-05, -0.0002332801322690258, 0.00012965720516201082, 0, 0, 0, 0, 0, 0, 0],
                [0.00010442790302800625, 0.00011431549873191278, 0.00011540383532198432, -7.4113331009572115e-05, 1.3081332648539941e-05, -0.00089708355341444731, -0.00012878553189825956, -7.9965572006534143e-07, -0.00039775389325709203, 0, 0, 0, 0, 0, 0],
                [-0.00024219866478232633, 0.00020102599336894753, 3.298233351290563e-05, 7.7392567143657592e-05, 4.1587037538676432e-05, 3.1519940122746701e-05, 0.00012739304424496206, -4.9025383167159777e-05, 0.0010427486906293983, 0.0019150463857605775, 0, 0, 0, 0, 0],
                [5.9402786098088099e-07, 0.00072004669849922592, 0.00079538651875148689, -0.00042408615694387625, -0.00025550612021330157, 0.00022470305235625803, 0.00011920666547116084, 0.00020638356525426782, 0.00019927037700497301, -0.00044201670626315927, 0, 0, 0, 0, 0],
                [-0.0062728611962861456, -0.00016368383016210922, -3.0755681535309301e-05, 0.002345597187169209, 0.00071000711748237324, -0.00019391313860482327, -6.9690663246578988e-05, 8.3947522689275584e-05, 2.4783570868377038e-05, 2.2893332735987501e-05, 0.00017545990354856359, 0, 0, 0, 0],
                [4.2681588257225212e-05, -0.00057621903347993919, -0.0010287208095431245, -6.6626215611206673e-05, -1.7870480508548491e-05, 9.6037332088477854e-06, 0.0002873476069443056, 2.0161417455328822e-05, 3.2091730051641571e-05, 1.717509246183685e-05, -0.00049248421965827568, -0.00090120527857888389, 0, 0, 0],
                [0, 0, 0, 0, 0, 0, 0, 0, 0, 0, 0, 0, 0, 0, 0],
                [0, 0, 0, 0, 0, 0, 0, 0, 0, 0, 0, 0, 0, 0, 0],
                [0, 0, 0, 0, 0, 0, 0, 0, 0, 0, 0, 0, 0, 0, 0]
            ],
            [
                [0.00010442790302800625, 0.00011431549873191278, 0.00011540383532198432, -7.4113331009572115e-05, 1.3081332648539941e-05, -0.00089708355341444731, -0.00012878553189825956, -7.9965572006534143e-07, -0.00039775389325709203, 0, 0, 0, 0, 0, 0],
                [-0.00095120064741367727, 5.803558543760193e-05, -0.00029955643148173796, -0.0002077519917303739, -0.00027524229460664293, 0.00073242674500475754, 4.7839102691286708e-05, -2.1686539710179175e-05, 0.00014971169767903473, 0.00010978324053016733, 0, 0, 0, 0, 0],
                [0.0009147676195715626, 0.00064164770044556057, -0.021841945077666493, -2.4264712753593787, -4.5999427920198839, -0.50234670334415255, 0.00045490967441094807, 6.4259869898829127e-05, -0.00027862393541910365, 0.0013462557886523511, 0, 0, 0, 0, 0],
                [0.00059529887125371334, 0.00026358956620940792, -0.035699498009708827, 0.60741036523057879, 0.44209481597335948, 4.6052061345385242, 3.0954312305620189, -4.686499338162335, -0.66944962696638, 0.11178233131911647, -0.0016221436072192963, 0, 0, 0, 0],
                [-0.0002025128309155986, -0.1493055771073438, -3.120005922345201, 6.6242191688605709, 2.9162793289791566, 2.5799136298664611, -0.23428947645039433, 1.7502565964188193, 2.2628987428518901, -2.2957242231347732, 0.06147650385295169, -0.00084029800972880246, 0, 0, 0],
                [0.00050831840047338721, -0.3227386923072964, -6.9760296098556278, -0.87500500427483285, 0.22396692289356271, -1.1721262595826072, 1.6550324935126255, -2.7302821218793585, -0.94113917482434006, 3.4801181123824425, -0.18495780521904009, -0.015646568642037229, 0, 0, 0],
                [0, 0, 0, 0, 0, 0, 0, 0, 0, 0, 0, 0, 0, 0, 0],
                [0, 0, 0, 0, 0, 0, 0, 0, 0, 0, 0, 0, 0, 0, 0],
                [0, 0, 0, 0, 0, 0, 0, 0, 0, 0, 0, 0, 0, 0, 0]
            ],
            [
                [-0.00024219866478232633, 0.00020102599336894753, 3.298233351290563e-05, 7.7392567143657592e-05, 4.1587037538676432e-05, 3.1519940122746701e-05, 0.00012739304424496206, -4.9025383167159777e-05, 0.0010427486906293983, 0.0019150463857605775, 0, 0, 0, 0, 0],
                [0.0009147676195715626, 0.00064164770044556057, -0.021841945077666493, -2.4264712753593787, -4.5999427920198839, -0.50234670334415255, 0.00045490967441094807, 6.4259869898829127e-05, -0.00027862393541910365, 0.0013462557886523511, 0, 0, 0, 0, 0],
                [0.00022321720077071001, -0.0045096448646444725, 0.42301373380990576, 3.5346696292984991, 3.6204580530950672, 5.7569358390975314, 4.1614273423034964, 3.4257480604490671, 0.52409571517795084, 0.39642386865384577, -0.00080008301923662525, 0, 0, 0, 0],
                [-8.2054625078946839e-05, 0.52751844950462623, 3.3301479659056339, -9.1463850447738189, 3.4316174525168623, -0.20649472256156909, -0.30313852800461449, -1.0164728093504185, 2.0877428905773447, -14.034707495708741, -0.60253762079172946, -0.00036063803706325859, 0, 0, 0],
                [0.00084334379895310157, 2.5895304574876041, -0.39004227996881657, -1.1665639540042858, 0.64839952625093733, 0.52200604825616115, 0.57154925517020883, 0.57653538280425476, -0.37162552905708462, 0.065898505965065829, -4.4861685429467295, -0.64253788715328797, 0, 0, 0],
                [-0.0025819790391978527, -1.9885592724749128, -1.2110678220937499, 1.0052251204832376, 0.16441860218208415, 0.38688424910645253, 0.20822877338284151, 0.16059469772620574, 0.6370354607415093, -0.24576602315564974, 5.2118406973758766, 9.5748711899713594, 0, 0, 0],
                [0, 0, 0, 0, 0, 0, 0, 0, 0, 0, 0, 0, 0, 0, 0],
                [0, 0, 0, 0, 0, 0, 0, 0, 0, 0, 0, 0, 0, 0, 0],
                [0, 0, 0, 0, 0, 0, 0, 0, 0, 0, 0, 0, 0, 0, 0]
            ],
            [
                [5.9402786098088099e-07, 0.00072004669849922592, 0.00079538651875148689, -0.00042408615694387625, -0.00025550612021330157, 0.00022470305235625803, 0.00011920666547116084, 0.00020638356525426782, 0.00019927037700497301, -0.00044201670626315927, 0, 0, 0, 0, 0],
                [0.00059529887125371334, 0.00026358956620940792, -0.035699498009708827, 0.60741036523057879, 0.44209481597335948, 4.6052061345385242, 3.0954312305620189, -4.686499338162335, -0.66944962696638, 0.11178233131911647, -0.0016221436072192963, 0, 0, 0, 0],
                [-8.2054625078946839e-05, 0.52751844950462623, 3.3301479659056339, -9.1463850447738189, 3.4316174525168623, -0.20649472256156909, -0.30313852800461449, -1.0164728093504185, 2.0877428905773447, -14.034707495708741, -0.60253762079172946, -0.00036063803706325859, 0, 0, 0],
                [0.0017431576593913472, 3.6004989357075918, 3.9767943053418486, -2.1204629739457808, -1.2773073717237162, 1.1236729706913564, 0.5957257393760329, 1.0320818148849371, 0.99699519575427853, -2.2071447481541631, -31.365578563012136, -0.81537677502020434, 0, 0, 0],
                [-0.15499621850747267, 11.727701377938471, 3.5481637073470442, -0.96994214138615564, -0.34840823256578984, 0.42028835907313072, 0.12553581261349936, 0.11447103970674979, 0.87734801713091726, 0.21366326621598034, -2.8807118430908312, -5.1440057327203501, 0, 0, 0],
                [-0.33242735337582463, -0.086179306024642563, 0.047862959278226473, 1.4367333798192561, 0.09879199594385589, 0.15961953278986599, 0.1078564506380318, -0.035789632003406763, 0.093692194099072479, 0.34542359374030712, 0.29047135579425087, -1.4980599419146199, 0, 0, 0],
                [0, 0, 0, 0, 0, 0, 0, 0, 0, 0, 0, 0, 0, 0, 0],
                [0, 0, 0, 0, 0, 0, 0, 0, 0, 0, 0, 0, 0, 0, 0],
                [0, 0, 0, 0, 0, 0, 0, 0, 0, 0, 0, 0, 0, 0, 0]
            ],
            [
