{
    "coefficients": {
        "W": -8.8367550842580709,
        "W-W": [58.250121116107934, 58.250121116107934, 41.582738800655306, 27.740550405349698, 16.723555930191107, 8.5965930811265352, 2.5819809968961178, 0.26819422882278104, -0.16866761955533693, -0.23532611766835843, -0.15508049143156946, 0.045766370814880844, 0.034973294582417921, 0.010020932592216035, 0.025612157572090722, 0, 0, 0]
    },
    "knots": {
        "W-W": [0.001, 0.001, 0.001, 0.001, 0.36759999999999998, 0.73419999999999996, 1.1008, 1.4674, 1.8340000000000001, 2.2006000000000001, 2.5672000000000001, 2.9338000000000002, 3.3003999999999998, 3.6669999999999998, 4.0335999999999999, 4.4001999999999999, 4.7667999999999999, 5.1334, 5.5, 5.5, 5.5, 5.5]
    },
    "data_coverage": [true, false, false, false, false, false, true, true, true, true, true, true, true, true, true, true, false, false, false],
    "knot_strategy": "linear",
    "offset_1b": true,
    "leading_trim": { "2": 0, "3": 0 },
    "trailing_trim": { "2": 3, "3": 3 },
    "knots_map": {
        "W-W": [0.001, 0.001, 0.001, 0.001, 0.36759999999999998, 0.73419999999999996, 1.1008, 1.4674, 1.8340000000000001, 2.2006000000000001, 2.5672000000000001, 2.9338000000000002, 3.3003999999999998, 3.6669999999999998, 4.0335999999999999, 4.4001999999999999, 4.7667999999999999, 5.1334, 5.5, 5.5, 5.5, 5.5]
    },
    "element_list": ["W"],
    "degree": 2
}