{
    "solution": {
        "W": -6.71674,
        "W-W": [21.5217, 19.3042, 14.2103, 4.81308, 1.80515, 0.277225, -0.168484, -0.336507, -0.370176, -0.363166, -0.331167, -0.25777, -0.229958, -0.198296, -0.151284, -0.0975114, -0.0622741, -0.0453437, -0.0431061, -0.0543498, -0.0631025, -0.0575008, -0.0324283, -0.0185323, -0.00777351, 0, 0, 0],
        "W-W-W": [-0.401519, 1.58119, 0.679738, -0.477585, -0.393736, -3.07368, -5.63666, -3.57793, -0.810041, -3.99564, -4.7851, -0.862654, 0.733541, -2.73598, 1.60224, 1.05863, -1.16027, -1.00343, -4.22757, -6.50543, 2.52934, 10.6853, -0.638798, -5.29039, -3.12075, -2.33321, 1.14565, 0.340839, -2.44296, -2.55349, 4.21682, 6.36896, -1.29786, -4.65222, -3.5763, -3.32534, -0.386741, 2.25112, 2.60867, 5.06057, -0.336737, -3.63281, 0.831389, 6.38868, 5.99879, -0.347166, -5.25746, -6.31078, -2.05829, 3.85365, 5.86213, 7.43249, 1.89919, -3.3913, -3.87483, 5.256, 6.04858, 0.514891, -2.16371, -1.06348, -1.64795, -0.870761, -0.916602, -4.68454, 0.103253, -3.4761, -7.45149, -6.19313, 3.31712, -1.22394, -8.4442, -6.0894, 3.44386, 5.99046, 2.95904, -3.16773, -14.2835, -7.42466, 0.949038, -1.14221, 0.928325, -2.00675, -6.01193, -9.0609, -6.82091, 4.1243, 7.58256, 5.84045, 4.7255, -4.12961, 3.43692, -2.44528, 1.50392, 6.02633, 5.22726, 3.55282, -0.97524, -5.38323, 0.737284, 0.950778, 0.908084, 1.44988, -4.70311, -3.50921, -0.448332, -1.04194, -3.10881, -2.38479, 0.431087, 0.344852, -0.298814, 0.165517, 1.79383, 1.87134, 0.897354, 3.4338, 3.4908, -2.33234, 0.288342, -0.00820029, 0.0377115, 1.12556, -1.31164, -1.92638, 6.99396, 16.1228, 3.05428, -0.676249, 0.28208, 0.021545, -0.11763, 0.316835, 0.151029, -0.531682, 4.30751, 7.20129, 2.07699, 0.0230767, -0.00584816, 0.223186, -0.150675, 0.0851451, 0.0789626, 0.0175303]
    },
    "knots": {
        "W-W": [1.5, 1.5, 1.5, 1.5, 1.66, 1.82, 1.98, 2.14, 2.3, 2.46, 2.62, 2.78, 2.94, 3.1, 3.26, 3.42, 3.58, 3.74, 3.9, 4.06, 4.22, 4.38, 4.54, 4.7, 4.86, 5.02, 5.18, 5.34, 5.5, 5.5, 5.5, 5.5],
        "W-W-W": [
            [1.5, 1.5, 1.5, 1.5, 1.9, 2.3, 2.7, 3.1, 3.5, 3.5, 3.5, 3.5],
            [1.5, 1.5, 1.5, 1.5, 1.9, 2.3, 2.7, 3.1, 3.5, 3.5, 3.5, 3.5],
            [1.5, 1.5, 1.5, 1.5, 2.05, 2.6, 3.15, 3.7, 4.25, 4.8, 5.35, 5.9, 6.45, 7, 7, 7, 7]
        ]
    }
}