{
    "coefficients": {
        "W": -6.5637083650207586,
        "W-W": [36.826965947677337, 36.826965947677337, 26.691846064119453, 18.14506574259773, 11.18662498311218, 5.4750576627760585, 1.7975987958126622, -0.4643058453717131, -0.47719436246300512, -0.32368482396075049, -0.21453513564945559, -0.13264136789523848, -0.043116575619080902, -0.050937711637150128, -0.033227268061957339, 0, 0, 0],
        "W-W-W": [
            [
                [0, 0, 0, 0, 0, 0, 0, 0, 0, 0, 0, 0, 0, 0, 0],
                [0, 0, 0, 0, 0, 0, 0, 0, 0, 0, 0, 0, 0, 0, 0],
                [0, 0, 0, 0, 0, 0, 0, 0, 0, 0, 0, 0, 0, 0, 0],
                [0, 0, 0, 0, 0, 0, 0, 0, 0, 0, 0, 0, 0, 0, 0],
                [0, 0, 0, 0, 0, 0, 0, 0, 0, 0, 0, 0, 0, 0, 0],
                [0, 0, 0, 0, 0, 0, 0, 0, 0, 0, 0, 0, 0, 0, 0],
                [0, 0, 0, 0, 0, 0, 0, 0, 0, 0, 0, 0, 0, 0, 0],
                [0, 0, 0, 0, 0, 0, 0, 0, 0, 0, 0, 0, 0, 0, 0],
                [0, 0, 0, 0, 0, 0, 0, 0, 0, 0, 0, 0, 0, 0, 0]
            ],
            [
                [0, 0, 0, 0, 0, 0, 0, 0, 0, 0, 0, 0, 0, 0, 0],
                [0, 0, 0, 0, 0, 0, 0, 0, 0, 0, 0, 0, 0, 0, 0],
                [0, 0, -0.011511397224908487, -1.3776836856312713, -2.619912616249028, -0.28966714163569768, 6.8710775989076149e-05, 0.00018328292125412526, 0.00015279529025786435, 6.4472757056865189e-06, 0, 0, 0, 0, 0],
                [0, -0.00027213139120210267, 0.0048239537126839507, 0.71223173877848156, 0.51107926258139846, 2.7453251299050256, 3.0589064904880212, -0.97743363017508222, 0.61649051959525625, 0.06487369151088844, -5.6219475256015896e-05, 0, 0, 0, 0],
                [0, -0.093219036635087446, -1.5292767460659478, 5.0461529514002059, 2.8235080679004247, 2.485783872644979, 1.063684479393664, 1.2240789719415741, 3.9545316331900575, -0.29452239371248623, 0.036543575872665213, 2.1249045637813627e-09, 0, 0, 0],
                [0, -0.19957617395850605, -3.7081805239458379, 0.10856078256158494, -0.91047618353371229, -2.349497931244648, 0.96717362604517865, -2.2888638089374571, -1.1321592119692465, 4.6931838000101376, -0.36467827751002774, -0.014012142337770326, 0, 0, 0],
                [0, 0, 0, 0, 0, 0, 0, 0, 0, 0, 0, 0, 0, 0, 0],
                [0, 0, 0, 0, 0, 0, 0, 0, 0, 0, 0, 0, 0, 0, 0],
                [0, 0, 0, 0, 0, 0, 0, 0, 0, 0, 0, 0, 0, 0, 0]
            ],
            [
                [0, 0, 0, 0, 0, 0, 0, 0, 0, 0, 0, 0, 0, 0, 0],
                [0, 0, -0.011511397224908487, -1.3776836856312713, -2.619912616249028, -0.28966714163569768, 6.8710775989076149e-05, 0.00018328292125412526, 0.00015279529025786435, 6.4472757056865189e-06, 0, 0, 0, 0, 0],
                [0, -0.0014869313323043261, 0.2579182610533205, 1.0050316356884592, 1.6252804374232688, 4.6121515395395356, 1.5638053735175959, 2.1267286232508464, 1.4820306121923221, 0.41765234775650012, 4.7178371479266881e-06, 0, 0, 0, 0],
                [5.1327328580343129e-07, 0.25497909948541769, -0.065179793688280196, -3.9278068119195408, 2.0542729131101898, 0.64712618230347008, -1.2431069606542908, -1.0341076421064885, 1.7500966750678983, -9.4432039380291855, -0.036076559602776032, 1.4198328785654891e-06, 0, 0, 0],
                [7.1059660162698648e-05, 0.8117384346740365, -2.090944793127433, -2.9578007391879364, 0.8224252904033259, 0.39739218965907191, 0.48523097797421549, 0.51008394701737414, -0.65312421470436777, -0.10835588605881741, 1.6674596200277143, -0.33678006760068152, 0, 0, 0],
                [0.00014310725059658801, -1.1112830991531879, 1.4777787259740858, 1.3964195932172632, 0.12576488499123645, 0.52750428084343437, 0.21563526826370863, 0.097139370925628715, 0.53918293952158203, -0.42479160063673005, 5.2517334354347609, 6.439860598454711, 0, 0, 0],
                [0, 0, 0, 0, 0, 0, 0, 0, 0, 0, 0, 0, 0, 0, 0],
                [0, 0, 0, 0, 0, 0, 0, 0, 0, 0, 0, 0, 0, 0, 0],
                [0, 0, 0, 0, 0, 0, 0, 0, 0, 0, 0, 0, 0, 0, 0]
            ],
            [
                [0, 0, 0, 0, 0, 0, 0, 0, 0, 0, 0, 0, 0, 0, 0],
                [0, -0.00027213139120210267, 0.0048239537126839507, 0.71223173877848156, 0.51107926258139846, 2.7453251299050256, 3.0589064904880212, -0.97743363017508222, 0.61649051959525625, 0.06487369151088844, -5.6219475256015896e-05, 0, 0, 0, 0],
                [5.1327328580343129e-07, 0.25497909948541769, -0.065179793688280196, -3.9278068119195408, 2.0542729131101898, 0.64712618230347008, -1.2431069606542908, -1.0341076421064885, 1.7500966750678983, -9.4432039380291855, -0.036076559602776032, 1.4198328785654891e-06, 0, 0, 0],
                [-0.0010001155021808462, 0.94456448060193199, 1.7474474595429663, -0.30309559926172391, -0.79065001907448595, 0.95166124790395146, 0.64574806876812119, 1.0709906355359895, 1.0838679730386749, -2.3427576714420693, -29.726862663186544, -0.5217367180448319, 0, 0, 0],
                [-0.17048247254097268, 7.8433304332468055, 2.8458574715911098, -1.645690921864317, -0.56281849310413612, 0.47453122343353693, 0.076434458423715393, 0.098510951352625456, 0.88041914638915042, 0.22815360623193043, -3.3953614781841357, -7.2090313695698329, 0, 0, 0],
                [-0.34559987877270548, -1.1106042354811678, -0.96805584249987564, 1.7162954166610505, 0.16135808149642616, 0.16025044432303989, 0.10157180212132713, -0.041243141386042702, 0.099122757456458988, 0.33465564899461858, 0.36527235424522364, -1.9482724792640318, 0, 0, 0],
                [0, 0, 0, 0, 0, 0, 0, 0, 0, 0, 0, 0, 0, 0, 0],
                [0, 0, 0, 0, 0, 0, 0, 0, 0, 0, 0, 0, 0, 0, 0],
                [0, 0, 0, 0, 0, 0, 0, 0, 0, 0, 0, 0, 0, 0, 0]
            ],
            [
                [0, 0, 0, 0, 0, 0, 0, 0, 0, 0, 0, 0, 0, 0, 0],
                [0, -0.093219036635087446, -1.5292767460659478, 5.0461529514002059, 2.8235080679004247, 2.485783872644979, 1.063684479393664, 1.2240789719415741, 3.9545316331900575, -0.29452239371248623, 0.036543575872665213, 2.1249045637813627e-09, 0, 0, 0],
                [7.1059660162698648e-05, 0.8117384346740365, -2.090944793127433, -2.9578007391879364, 0.8224252904033259, 0.39739218965907191, 0.48523097797421549, 0.51008394701737414, -0.65312421470436777, -0.10835588605881741, 1.6674596200277143, -0.33678006760068152, 0, 0, 0],
                [-0.17048247254097268, 7.8433304332468055, 2.8458574715911098, -1.645690921864317, -0.56281849310413612, 0.47453122343353693, 0.076434458423715393, 0.098510951352625456, 0.88041914638915042, 0.22815360623193043, -3.3953614781841357, -7.2090313695698329, 0, 0, 0],
                [-0.88427340118891118, 1.677781915134295, 5.8460703195217976, 0.20187849895846222, -0.078356071496081162, 0.15924505160106925, 0.04952565091446158, -0.041467283907452517, 0.12562450783072426, 0.42684832528624977, -0.44877814149526835, 0.77851118222383919, 0, 0, 0],
                [-2.0862842657136782, -1.8540386640800635, -1.0719910130844978, 0.13939692687043059, 0.031913035240284236, 0.070133438201074469, 0.11928421288648476, -0.02064037186967714, 0.058305822796754975, 0.059767540624658486, 0.068054218108919637, -0.081348931686812051, 0, 0, 0],
                [0, 0, 0, 0, 0, 0, 0, 0, 0, 0, 0, 0, 0, 0, 0],
                [0, 0, 0, 0, 0, 0, 0, 0, 0, 0, 0, 0, 0, 0, 0],
                [0, 0, 0, 0, 0, 0, 0, 0, 0, 0, 0, 0, 0, 0, 0]
            ],
            [
                [0, 0, 0, 0, 0, 0, 0, 0, 0, 0, 0, 0, 0, 0, 0],
                [0, -0.19957617395850605, -3.7081805239458379, 0.10856078256158494, -0.91047618353371229, -2.349497931244648, 0.96717362604517865, -2.2888638089374571, -1.1321592119692465, 4.6931838000101376, -0.36467827751002774, -0.014012142337770326, 0, 0, 0],
                [0.00014310725059658801, -1.1112830991531879, 1.4777787259740858, 1.3964195932172632, 0.12576488499123645, 0.52750428084343437, 0.21563526826370863, 0.097139370925628715, 0.53918293952158203, -0.42479160063673005, 5.2517334354347609, 6.439860598454711, 0, 0, 0],
