{
    "solution": {
        "W": -5.1146,
        "W-W": [1.99513e-13, 9.97566e-07, 4.98783, 2.81404, 0.549251, -0.552686, -0.86531, -0.924087, -0.841573, -0.739038, -0.611824, -0.440019, -0.338397, -0.359225, -0.27118, -0.135445, -0.073343, -0.0522861, -0.0317192, -0.0246024, -0.0248818, -0.0201402, -0.00753445, -0.000444726, 0.000232879, 0, 0, 0],
        "W-W-W": [-1.51108e-38, -8.0512e-40, -1.13578e-39, -1.28754e-40, 5.87264e-41, -1.79919e-43, 1.57006e-39, 3.10988e-32, 1.07225e-30, 1.14691e-30, -1.96113e-31, -2.86051e-32, 6.98303e-34, -1.29827e-32, -1.04015e-32, -2.88812e-34, 1.45599e-39, 4.91212e-39, 3.18448e-33, 1.47949e-30, 1.54796e-29, -5.75376e-30, -2.42653e-29, -5.12888e-29, -4.0256e-30, -5.67892e-30, -6.43768e-31, 2.93632e-31, -8.99596e-34, 7.8192e-30, 1.55494e-22, 5.36126e-21, 5.73456e-21, -9.80565e-22, -1.43026e-22, 3.49151e-24, -6.49133e-23, -5.20074e-23, -1.44406e-24, 7.28025e-30, 2.45574e-29, 1.59224e-23, 7.39743e-21, 7.73981e-20, -1.91792e-20, -8.08843e-20, -9.00783e-20, -1.34187e-20, -1.89297e-20, -2.14589e-21, 9.78774e-22, -2.99866e-24, 1.94702e-20, 3.88736e-13, 1.34031e-11, 1.43364e-11, -2.45141e-12, -3.57564e-13, 8.72878e-15, -1.62283e-13, -1.30019e-13, -3.6102e-15, 2.42689e-20, 8.18421e-20, 3.9806e-14, 1.84936e-11, 1.93495e-10, -4.7948e-11, -2.02211e-10, -2.29849e-11, -3.35466e-11, -4.73243e-11, -5.36474e-12, 2.44694e-12, -7.49666e-15, -6.41167e-21, 9.16436e-14, 8.6751e-12, 1.09686e-11, 1.95508e-10, -8.74562e-11, 1.72555e-11, 2.54505e-10, 1.09085e-11, -5.29798e-10, 6.06759e-11, 2.04565e-10, 9.47235e-12, -7.83228e-18, 8.20337e-20, 2.86762e-12, 9.79561e-11, 3.56153e-10, 3.65099e-11, 9.56727e-12, -1.25598e-11, 1.97566e-10, 1.19188e-10, -1.61133e-11, 0, 0, 0, 0, 0, 0, 0, 0, 0, 0, 0, 0, 0, 0, 0, 0, 0, 0, 0, 0, 0, 0, 0, 0, 0, 0, 0, 0, 0, -2.26583e-23, 1.77993e-25, 4.99942e-23, 1.24986e-13, 4.70629e-12, 6.00989e-12, 3.93836e-13, 3.1881e-14, 1.5679e-14, 5.72494e-15, 4.94205e-15, 5.10285e-15, -4.22374e-21, 8.76933e-16, 4.38466e-06, 0.000155361, 0.000193498, 1.21275e-05, -8.83957e-12, 5.11776e-11, 1.37237e-11, 1.01504e-11, 4.88337e-12, -1.13292e-13, 8.89965e-16, 1.24986e-13, 0.000624928, 0.0235314, 0.0300495, 0.00196918, 0.000159405, 7.8395e-05, 2.86247e-05, 2.47103e-05, 8.04008e-07, -2.11247e-11, 5.60993e-12, 0.000174687, -0.000574716, 0.0261456, 0.0542057, -0.04421, 0.255888, 0.0686184, 0.050752, 0.0244169, -0.000566458, 4.44983e-06, -6.23551e-11, -2.37827e-11, 0.00558892, 0.0392026, -0.33149, -0.412859, -0.591193, 0.647703, -0.242492, -0.0712672, -0.105624, 0.027875, 0.000897475, -1.64791e-10, 1.45735e-10, -8.57097e-11, 0.00662537, 0.0743151, -0.241143, -0.357102, -0.368514, 0.586126, 0.0676898, -0.31178, -0.125127, 0.071803, -0.00445168, -0.000187006, 8.21433e-09, -2.11058e-10, 7.59585e-11, 0.000383713, -0.0423508, -0.519511, -0.339784, 0.277077, 0.301553, -0.140375, -1.03567, 0.282217, -0.123097, -0.0967434, -0.00606593, 1.51605e-06, 1.34033e-10, 1.58872e-10, -8.4841e-10, -1.64963e-11, 0.0352492, 0, 0, 0, 0, 0, 0, 0, 0, 0, 0, 0, 0, 0, 0, 0, 0, 0, 0, 0, 0, 0, 0, 0, 0, 0, 0, 0, 0, 0, 2.44693e-12, -7.49666e-15, 9.69625e-11, 0.00194368, 0.0670157, 0.071682, -0.0122571, -0.00178782, 4.36439e-05, -0.000811417, -0.000650093, -1.80505e-05, 6.06723e-11, 2.04605e-10, 0.00019903, 0.0924678, 0.967476, -0.23974, -1.01105, -0.114925, -0.167733, -0.236622, -0.0268237, 0.0122347, -3.74834e-05, -1.60292e-11, 0.000458218, 0.0433755, 0.054843, 0.977541, -0.437281, 0.0862777, 1.27253, 0.0545425, -2.64899, 0.30338, 1.02283, 0.0473617, -3.91894e-08, 2.13806e-10, 0.0143381, 0.489781, 1.78077, 0.18255, 0.0478364, -0.0627992, 0.98783, 0.595942, -0.0805666, -0.811559, 2.84103, 0.515972, 0.00384842, -3.34573e-09, 4.81316e-11, 0.0166193, 0.175498, -0.657656, -0.929179, 0.917417, 0.713895, 0.152471, 0.0872151, 0.0988686, -0.88679, -0.20485, 0.787316, -0.248147, -0.000259186, 3.83663e-10, 9.64388e-11, 0.000260389, -0.396314, -1.11115, 0.960655, 1.89813, -0.219769, -0.242241, -0.0570781, 0.603598, -0.380367, -0.378787, 0.153595, 0.604154, 0.0655505, -0.000138453, 1.88059e-10, -0.000144097, -0.115226, 0.133682, 1.42471, -0.62159, 0, 0, 0, 0, 0, 0, 0, 0, 0, 0, 0, 0, 0, 0, 0, 0, 0, 0, 0, 0, 0, 0, 0, 0, 0, 0, 0, 0, 0, 1.54957e-10, -4.49592e-08, 0.0519889, 1.08584, 0.084774, 0.723923, 1.23306, 0.429912, 3.21667, -1.12583, 0.842903, 0.546288, -0.00755266, 1.43587e-05, 2.71148e-11, 0.0092013, 0.876281, 0.512464, -0.69748, 0.0465084, -0.188992, -0.147288, 0.165695, 1.10628, 0.213035, -0.464097, -0.268295, 0.0381355, 9.93657e-08, 2.57738e-10, 0.100138, 1.29722, -0.489215, 0.678727, -0.20177, -0.72194, 0.414139, 0.367501, 0.239652, 0.192282, 0.0840386, 0.726672, -3.93027, 0.00739672, -1.1576e-10, 1.17151e-10, 0.0508783, -0.406105, 1.01022, 0.919047, 0.373777, 0.851917, 0.474998, -0.182938, 0.196521, 0.0730753, 0.173324, 0.1137, -2.51788, -1.13921, -0.000183508, 1.30463e-10, -0.0303557, 1.05363, 0.410427, 0.390168, 0.945228, -0.568469, 0.162628, 0.275765, -0.0978051, 0.164098, -0.202596, 0.345067, -0.101876, 2.31061, 0.0503213, 8.35049e-06, 2.31786e-11, -0.00534399, -1.08197, -0.404653, 1.23149, -0.147072, 0.305938, 0.321382, 0, 0, 0, 0, 0, 0, 0, 0, 0, 0, 0, 0, 0, 0, 0, 0, 0, 0, 0, 0, 0, 0, 0, 0, 0, 0, 0, 0, 0, 2.7888e-11, 0.0288256, -1.35293, 1.28703, -1.29682, 1.38007, 0.380002, 0.588176, 0.0886653, 0.252388, 0.580105, 0.237314, -0.542707, -1.70485, -0.0593325, 9.95656e-11, -1.11602e-10, 0.44965, 1.49551, 1.2803, 0.32236, 0.930743, -0.114009, 0.191181, -0.0122869, 0.0469044, 0.199458, 0.25705, 0.0121563, -0.928629, -0.893333, -0.000776227, 4.10204e-11, 0.410023, -0.0241864, -0.263528, -0.265991, 0.51581, 0.841708, 0.328782, 0.0694075, 0.00567026, 0.0451999, 0.0289228, 0.262206, -0.155047, -0.312117, 0.482507, -9.79716e-06, -5.52409e-11, -0.204921, 0.580133, -0.12053, -0.216428, -0.266924, -0.0696803, 0.0962287, 0.129187, -0.00706852, -0.0113911, -0.0544301, 0.0531492, 0.147886, 0.238477, -3.45791, -0.143075, 2.82968e-07, 1.0645e-10, 0.2387, 1.41212, 0.101545, 0.0570258, -0.306327, -0.12276, 0.129595, -0.0962781, 0.122814, 0, 0, 0, 0, 0, 0, 0, 0, 0, 0, 0, 0, 0, 0, 0, 0, 0, 0, 0, 0, 0, 0, 0, 0, 0, 0, 0, 0, 0, 2.63033e-10, 0.496191, -0.770009, -0.305904, 0.230172, 0.115226, 0.206552, 0.304329, 0.0390105, -0.0233193, 0.0159673, 0.0327629, 0.0373028, 0.0724644, -1.77203, 0.256023, 0.000403643, 5.89248e-11, 0.120804, 0.902327, -0.465041, 0.0895124, 0.443204, 0.0352814, 0.179532, 0.0964872, -0.00165455, 0.00797191, -0.0227731, -0.0210804, 0.00188315, 0.216392, 0.122986, 0.408888, -1.88578e-07, -2.87697e-10, -1.87947, 0.705381, 0.507718, 0.121229, -0.111077, -0.103751, 0.16269, 0.0802049, 0.0540925, 0.000849761, -0.0331797, -0.0444171, -0.057637, -0.00306032, 0.136956, 4.29667, -0.0116832, -1.68226e-09, 8.46189e-11, 0.423095, -1.81465, 0.525498, 0.0173658, 0.0453668, -0.378133, 0.00347749, 0.0906575, 0.0309761, 0.092635, 0, 0, 0, 0, 0, 0, 0, 0, 0, 0, 0, 0, 0, 0, 0, 0, 0, 0, 0, 0, 0, 0, 0, 0, 0, 0, 0, 0, 0, 1.70337e-10, -0.284656, -1.33191, -0.336931, -0.563074, 0.165438, 0.0683216, 0.178645, 0.0778451, 0.0213573, 0.00631718, -0.00648603, 0.00171471, 0.0176215, -0.125035, 0.4251, 5.30445, -0.0401038, 1.00136e-08, -2.84655e-10, -1.1156, -2.36952, -0.543534, 0.205596, 0.0410474, -0.160307, 0.0723073, 0.0796287, 0.0355949, 0.0089482, -0.028365, -0.0395545, -0.0320867, 0.0110334, -0.0559916, 0.508947, 3.58114, -0.000980486, 8.25452e-11, 1.04125e-09, -0.0437672, -0.0991805, -0.277898, 0.154261, 0.0244519, -0.438383, 0.0313451, 0.0586874, 0.0115849, 0.0203586, 0, 0, 0, 0, 0, 0, 0, 0, 0, 0, 0, 0, 0, 0, 0, 0, 0, 0, 0, 0, 0, 0, 0, 0, 0, 0, 0, 0, 0, 1.7728e-10, 0.512438, 0.591413, 0.503247, 0.472308, 0.330558, -0.0924435, -0.0260953, 0.0661239, -0.0136359, 0.00816954, 0, -0.0459549, -0.0770014, -0.0699024, -0.0186326, 0.0797225, 0.768529, -1.86515, 9.22162e-05, 1.64979e-10, 0.703996, 0.373442, 0.373963, 0.358914, 0.534308, -0.126174, -0.0956424, 0.00536974, 0.0136499, -0.019456, 0.000860393, 0, 0, 0, 0, 0, 0, 0, 0, 0, 0, 0, 0, 0, 0, 0, 0, 0, 0, 0, 0, 0, 0, 0, 0, 0, 0, 0, 0, 1.20843e-10, 