{
    "solution": {
        "Ne": 0,
        "Xe": 0,
        "Ne-Ne": [0.215483, 0.17158, 0.0770827, 0.0271361, 0.00798418, 0.000652249, -0.00169617, -0.00245146, -0.00245346, -0.00219714, -0.00196517, -0.0017592, -0.00153728, -0.00121319, -0.00103602, -0.000837342, -0.000752591, -0.000600829, -0.000567021, -0.000249946, -0.000405263, -0.000134965, -0.000215814, -0.00012422, -0.000211671, 0, 0, 0],
        "Ne-Xe": [0.485782, 0.395851, 0.193195, 0.0770654, 0.0283892, 0.00839474, 0.000108054, -0.00303353, -0.00406421, -0.00399441, -0.00372976, -0.00316839, -0.00279321, -0.00235757, -0.0020267, -0.00157895, -0.00132587, -0.00105515, -0.000816809, -0.000676831, -0.000422294, -0.000325804, -0.000277961, -0.000100821, -0.000196775, 0, 0, 0],
        "Xe-Xe": [98.0627, 67.8176, 0.297715, 0.121138, 0.0398944, 0.00606739, -0.00715615, -0.0116661, -0.0122116, -0.011193, -0.00977009, -0.00824725, -0.00691315, -0.00553887, -0.0047462, -0.0036241, -0.0029429, -0.00218833, -0.0017016, -0.00128925, -0.000815553, -0.000758899, -0.000502868, -0.000275856, -0.000285747, 0, 0, 0]
    },
    "knots": {
        "Ne-Ne": [2, 2, 2, 2, 2.16, 2.32, 2.48, 2.64, 2.8, 2.96, 3.12, 3.28, 3.44, 3.6, 3.76, 3.92, 4.08, 4.24, 4.4, 4.56, 4.72, 4.88, 5.04, 5.2, 5.36, 5.52, 5.68, 5.84, 6, 6, 6, 6],
        "Ne-Xe": [2.5, 2.5, 2.5, 2.5, 2.68, 2.86, 3.04, 3.22, 3.4, 3.58, 3.76, 3.94, 4.12, 4.3, 4.48, 4.66, 4.84, 5.02, 5.2, 5.38, 5.56, 5.74, 5.92, 6.1, 6.28, 6.46, 6.64, 6.82, 7, 7, 7, 7],
        "Xe-Xe": [3, 3, 3, 3, 3.2, 3.4, 3.6, 3.8, 4, 4.2, 4.4, 4.6, 4.8, 5, 5.2, 5.4, 5.6, 5.8, 6, 6.2, 6.4, 6.6, 6.8, 7, 7.2, 7.4, 7.6, 7.8, 8, 8, 8, 8]
    }
}